{"header": {"version": 3040003, "length": 17504, "platform": 106843, "number": 1, "time": 1049812078, "objects": 6, "blocks": 4, "subframe": 0}, "range_profile": [32.625, 37.88671875, 40.2890625, 39.796875, 36.6328125, 31.93359375, 27.80859375, 27.796875, 26.75390625, 25.828125, 25.53515625, 25.53515625, 25.6171875, 26.9765625, 29.296875, 29.37890625, 27.84375, 24.65625, 28.2421875, 28.13671875, 26.5078125, 24.92578125, 24.515625, 26.203125, 25.2890625, 23.296875, 22.8515625, 21.97265625, 23.0390625, 24.19921875, 32.296875, 37.51171875, 39.31640625, 38.07421875, 33.80859375, 28.8984375, 28.46484375, 32.8828125, 34.30078125, 38.90625, 41.1328125, 41.0625, 38.94140625, 35.578125, 33.84375, 37.32421875, 38.70703125, 37.96875, 37.39453125, 35.4140625, 29.40234375, 29.40234375, 29.625, 32.75390625, 34.640625, 35.51953125, 33.6328125, 30.8671875, 30.69140625, 31.51171875, 31.48828125, 29.8828125, 29.37890625, 31.265625, 32.40234375, 31.86328125, 35.2265625, 37.83984375, 37.21875, 33.4453125, 32.94140625, 32.96484375, 31.6875, 30.33984375, 30.421875, 30.65625, 29.296875, 32.33203125, 33.84375, 33.29296875, 32.35546875, 31.40625, 29.578125, 30.6328125, 30.15234375, 30.36328125, 30.09375, 29.578125, 30.31640625, 30.7734375, 29.6484375, 29.16796875, 27.5859375, 27.515625, 30.09375, 31.20703125, 32.015625, 32.484375, 30.8671875, 30.94921875, 32.05078125, 30.9609375, 29.1796875, 28.06640625, 30.2578125, 32.0859375, 32.40234375, 29.953125, 27.19921875, 26.51953125, 26.859375, 26.61328125, 25.62890625, 26.26171875, 27.46875, 27.6796875, 27.80859375, 30.24609375, 29.953125, 26.58984375, 26.94140625, 27.03515625, 26.2734375, 26.34375, 27.609375, 28.37109375, 27.1171875, 26.63671875, 25.60546875, 24.65625, 26.00390625, 27.3515625, 28.2421875, 27.36328125, 25.83984375, 25.03125, 25.5234375, 26.0625, 26.02734375, 25.51171875, 25.16015625, 25.44140625, 25.62890625, 25.93359375, 25.96875, 25.8984375, 25.08984375, 23.8359375, 24.515625, 24.3515625, 23.9296875, 23.80078125, 24.328125, 24.43359375, 23.7421875, 23.90625, 24.99609375, 24.71484375, 24.234375, 23.4375, 23.34375, 24.375, 24.7734375, 24.2578125, 23.484375, 21.85546875, 23.09765625, 22.78125, 21.94921875, 22.01953125, 22.72265625, 22.21875, 22.4296875, 23.44921875, 23.8828125, 22.8515625, 22.4765625, 22.60546875, 22.8515625, 22.5234375, 22.078125, 22.30078125, 24.19921875, 24.48046875, 22.20703125, 21.0703125, 22.125, 22.30078125, 23.58984375, 23.578125, 21.78515625, 21.31640625, 22.640625, 23.42578125, 22.4765625, 22.2421875, 22.1953125, 22.91015625, 23.6953125, 24.28125, 23.87109375, 23.390625, 23.6484375, 22.98046875, 21.85546875, 22.55859375, 22.46484375, 22.6875, 21.2578125, 20.82421875, 20.71875, 21.12890625, 20.96484375, 20.4609375, 20.77734375, 22.01953125, 21.50390625, 21.26953125, 20.33203125, 20.28515625, 21.140625, 21.10546875, 21.703125, 21.234375, 20.8828125, 19.8515625, 19.828125, 20.51953125, 20.1328125, 20.07421875, 21.5390625, 21.52734375, 20.953125, 20.15625, 19.2421875, 20.3203125, 19.7578125, 19.27734375, 19.8984375, 19.3828125, 17.9296875, 18.50390625, 18.45703125, 18.12890625, 16.88671875, 16.078125, 15.62109375, 16.5, 17.4140625, 17.58984375, 17.98828125, 20.578125, 24.76171875, 27.69140625, 27.90234375, 28.23046875], "noise_profile": [17.87109375, 17.7421875, 18.59765625, 18.43359375, 17.9765625, 19.125, 17.6953125, 17.90625, 18.515625, 19.359375, 19.48828125, 18.5859375, 17.54296875, 17.49609375, 17.14453125, 17.66015625, 18.26953125, 17.68359375, 18.3515625, 18.08203125, 18.08203125, 18.4921875, 18.609375, 18.85546875, 17.90625, 18.85546875, 18.05859375, 17.07421875, 18.515625, 18.33984375, 18.43359375, 18.75, 18.19921875, 16.5703125, 17.3671875, 17.9765625, 18.5390625, 18.69140625, 18.92578125, 18.703125, 18.421875, 18.15234375, 18.73828125, 18.29296875, 17.6015625, 17.3671875, 18.0234375, 18.26953125, 17.8828125, 18.234375, 18.7265625, 18.3515625, 17.3671875, 18.45703125, 17.84765625, 18.2109375, 18.83203125, 18.19921875, 16.95703125, 19.08984375, 18.2578125, 19.04296875, 18.17578125, 17.7890625, 18.43359375, 19.76953125, 18.94921875, 18.09375, 17.8359375, 18.80859375, 19.078125, 17.40234375, 17.671875, 16.6875, 18.046875, 18.5625, 18.26953125, 17.87109375, 17.484375, 18.15234375, 18.38671875, 19.4296875, 19.03125, 18.5859375, 18.59765625, 18.890625, 18.3046875, 17.42578125, 18.10546875, 18.9375, 18.375, 17.71875, 18.0703125, 18.12890625, 18.01171875, 19.0546875, 19.32421875, 19.11328125, 18.515625, 18.7265625, 18.08203125, 17.9765625, 18.55078125, 18.52734375, 18.03515625, 18.28125, 18.12890625, 18.57421875, 18.80859375, 18.69140625, 18.24609375, 18.984375, 18.703125, 18.73828125, 18.7265625, 18.05859375, 18.234375, 19.640625, 20.12109375, 19.30078125, 18.4921875, 17.625, 17.390625, 17.296875, 18.140625, 18.73828125, 18.515625, 18.3046875, 18.01171875, 18.97265625, 18.76171875, 18.08203125, 18.1640625, 17.94140625, 17.90625, 17.21484375, 17.84765625, 18.73828125, 18.03515625, 18.5859375, 19.8984375, 19.40625, 18.4921875, 18.22265625, 18.3046875, 17.12109375, 18.609375, 19.453125, 19.32421875, 18.4921875, 18.92578125, 18.92578125, 17.90625, 18.234375, 18.64453125, 18.76171875, 17.66015625, 18.90234375, 18.890625, 17.00390625, 18.36328125, 17.82421875, 17.28515625, 18.10546875, 18.52734375, 18.984375, 18.421875, 18.48046875, 19.265625, 18.62109375, 18.65625, 19.01953125, 18.9375, 18.984375, 18.6328125, 18.8203125, 18.3515625, 18.0, 17.87109375, 17.765625, 18.48046875, 17.765625, 17.4375, 18.4453125, 17.82421875, 18.59765625, 18.55078125, 19.5, 18.5859375, 18.90234375, 18.7265625, 18.92578125, 19.4296875, 18.99609375, 19.88671875, 19.875, 19.265625, 18.55078125, 18.24609375, 18.984375, 18.97265625, 19.3125, 19.01953125, 18.01171875, 18.328125, 17.80078125, 18.046875, 18.890625, 18.84375, 18.984375, 18.9609375, 19.06640625, 19.0546875, 18.10546875, 18.29296875, 18.90234375, 18.9375, 18.7265625, 18.43359375, 18.15234375, 18.43359375, 18.43359375, 18.17578125, 18.36328125, 17.02734375, 18.36328125, 18.5625, 17.90625, 17.3671875, 18.4453125, 17.80078125, 18.17578125, 17.484375, 16.67578125, 17.54296875, 18.0234375, 17.54296875, 16.875, 15.83203125, 16.13671875, 15.65625, 15.09375, 15.515625, 15.55078125, 13.8515625, 13.9921875, 14.859375, 15.31640625, 15.1171875, 15.3046875, 15.890625, 16.8046875, 16.734375, 16.9453125, 17.42578125, 17.47265625],